idcliente,nombre,email
1,Phelan,justo.praesent@outlook.net
2,Patrick,dapibus.gravida@yahoo.edu
3,Devin,quis.lectus@google.ca
4,Chloe,luctus.vulputate.nisi@icloud.com
5,Edan,suspendisse.commodo.tincidunt@hotmail.com
6,Paul,eros.turpis@google.couk
7,Gavin,ornare.placerat.orci@outlook.net
8,Venus,orci.in.consequat@yahoo.com
9,Perry,sociis@icloud.org
10,Murphy,facilisi.sed.neque@outlook.ca
11,Charde,aliquam.erat.volutpat@hotmail.couk
12,Cameron,donec.vitae@google.com
13,Leo,nisl.sem@outlook.edu
14,Jayme,dolor.donec@google.ca
15,Chelsea,consequat.lectus@protonmail.com
16,Simone,iaculis@google.edu
17,Illana,nunc.ullamcorper.velit@yahoo.couk
18,Autumn,ipsum.non@google.couk
19,Denton,tristique.aliquet@icloud.com
20,Rogan,iaculis.lacus@icloud.org
21,Jarrod,sed.dolor.fusce@hotmail.couk
22,Walter,nisi.mauris@protonmail.ca
23,Rhea,proin@icloud.edu
24,Bertha,magna@google.couk
25,David,vitae.sodales@icloud.edu
26,Lewis,amet@yahoo.ca
27,Brielle,eu.eleifend@hotmail.net
28,Barrett,mauris.morbi@hotmail.couk
29,Dillon,a@hotmail.org
30,Emery,aliquam.fringilla.cursus@icloud.couk
31,Quamar,turpis.in.condimentum@yahoo.org
32,Ann,sagittis.placerat.cras@google.edu
33,Roanna,ac@icloud.com
34,Susan,enim.mi.tempor@hotmail.org
35,Kelly,ornare.placerat@google.couk
36,Kay,ultrices.vivamus@hotmail.couk
37,Jenna,ante.bibendum@protonmail.couk
38,Veda,eget.odio.aliquam@icloud.ca
39,Ariana,sapien.cursus@outlook.org
40,Blythe,ac.nulla.in@outlook.org
41,Regan,ac.nulla@yahoo.net
42,Melvin,auctor.ullamcorper@outlook.ca
43,Mari,dolor@yahoo.couk
44,Keith,fusce@outlook.ca
45,Audra,pharetra.felis@outlook.net
46,Leroy,sit@icloud.org
47,Hedwig,nisi.aenean@hotmail.edu
48,Aurelia,parturient@yahoo.net
49,Ferdinand,quis.turpis.vitae@aol.couk
50,Serena,arcu@outlook.ca
51,Sonya,ullamcorper@aol.edu
52,Rachel,tempus.lorem@google.ca
53,Mikayla,aliquet.magna@protonmail.org
54,Lesley,morbi.non@icloud.ca
55,Montana,cursus.a@aol.couk
56,Wynne,vehicula.pellentesque@protonmail.com
57,Dacey,nunc.ut.erat@yahoo.couk
58,Camden,gravida.aliquam.tincidunt@outlook.org
59,Kieran,penatibus.et@yahoo.couk
60,Whitney,pellentesque.massa@google.couk
61,Jayme,ultrices@protonmail.org
62,Francesca,libero.nec.ligula@icloud.couk
63,Macaulay,molestie@outlook.ca
64,Abbot,purus@google.org
65,Hedda,faucibus.leo@google.org
66,Gail,nisi@aol.ca
67,Moses,non.vestibulum.nec@icloud.couk
68,Matthew,nulla.eget@aol.org
69,Nash,ac@google.edu
70,Ira,eget.venenatis.a@outlook.net
71,Hedley,at@icloud.ca
72,Reese,lorem.vitae@hotmail.net
73,Nehru,magna.cras@hotmail.net
74,Tamekah,tincidunt@hotmail.com
75,Perry,arcu.vestibulum@aol.couk
76,Jason,mattis@hotmail.org
77,Octavia,imperdiet.dictum@protonmail.org
78,Jameson,vulputate.nisi@hotmail.org
79,Knox,feugiat.nec@outlook.org
80,Uta,nulla.at@google.ca
81,Ella,magnis.dis.parturient@yahoo.ca
82,Ina,risus.nunc.ac@icloud.ca
83,Cain,integer.vulputate@aol.couk
84,Kyra,morbi.quis@protonmail.org
85,Dawn,primis.in@hotmail.couk
86,Victor,pharetra.felis@icloud.couk
87,Destiny,tellus.justo@icloud.com
88,Lila,eget.odio@icloud.com
89,Geoffrey,eu.erat@protonmail.ca
90,Jesse,sed.sem@aol.com
91,Berk,mi@google.net
92,Barbara,massa.lobortis@yahoo.com
93,Charissa,amet.faucibus.ut@protonmail.org
94,Allen,mollis.duis.sit@aol.com
95,Nasim,quam.dignissim.pharetra@hotmail.org
96,Germaine,purus.accumsan@aol.com
97,Jacob,quis.tristique@hotmail.edu
98,Kiara,integer.urna.vivamus@google.couk
99,Maxine,velit.eget@outlook.org
100,Stephen,mauris@outlook.ca
101,Abdul,suscipit.est.ac@aol.org
102,Sylvester,aliquam.auctor@yahoo.edu
103,Wylie,suspendisse@aol.couk
104,Buckminster,vitae.mauris@yahoo.ca
105,Rana,in.molestie@outlook.org
106,Reece,nulla.aliquet@hotmail.ca
107,Iola,sed@google.couk
108,Nissim,consectetuer.rhoncus@outlook.ca
109,Zachery,porttitor.eros@google.couk
110,Roth,nullam.suscipit.est@yahoo.ca
111,Martena,vestibulum.accumsan.neque@icloud.edu
112,Erich,nec.ligula.consectetuer@google.edu
113,Avye,neque.nullam.ut@hotmail.couk
114,Fay,posuere@outlook.net
115,Ray,massa@icloud.ca
116,Jeremy,donec.feugiat@yahoo.org
117,Palmer,neque.morbi@icloud.org
118,Ori,enim.commodo@yahoo.org
119,Andrew,nec.mollis@protonmail.edu
120,Charles,ut@protonmail.com
121,Nyssa,non.massa@google.com
122,Kuame,proin.sed@icloud.org
123,Freya,iaculis.lacus@aol.com
124,Conan,dictum.eu@icloud.com
125,Philip,augue.malesuada@aol.couk
126,Portia,sem@aol.com
127,Plato,vitae@protonmail.edu
128,Elvis,proin.eget.odio@yahoo.com
129,Nathan,ipsum.non.arcu@hotmail.com
130,Samuel,euismod.in@outlook.org
131,Amos,pellentesque.sed.dictum@aol.org
132,Nina,eu.tempor@outlook.couk
133,Hope,at@yahoo.couk
134,Alec,ut@yahoo.net
135,Daquan,augue@outlook.couk
136,Lev,tristique.neque.venenatis@icloud.couk
137,Halee,eleifend.nunc@protonmail.net
138,Neil,pretium.aliquet@icloud.com
139,Jemima,nullam@icloud.ca
140,Connor,luctus.aliquet@yahoo.couk
141,Richard,maecenas.malesuada@hotmail.net
142,Kimberley,aliquam.adipiscing.lobortis@google.edu
143,Allegra,accumsan.neque.et@yahoo.org
144,Kevyn,elit.dictum@hotmail.ca
145,Melyssa,lacinia@icloud.ca
146,Basil,eget.tincidunt.dui@aol.net
147,Jaden,sed.facilisis.vitae@protonmail.ca
148,Cheyenne,vestibulum.mauris@icloud.couk
149,Hall,vivamus.sit@google.com
150,Hamilton,mi.duis@protonmail.edu
151,Cooper,est.arcu@protonmail.com
152,Denise,curabitur.consequat@outlook.net
153,Wallace,lorem.sit@aol.com
154,Sylvia,magna.tellus@protonmail.couk
155,Brynn,eros.proin@aol.edu
156,Noble,ut.nulla@yahoo.org
157,Wyoming,aliquet.magna.a@outlook.org
158,Kylan,ornare.lectus@aol.net
159,Britanni,tincidunt@protonmail.edu
160,Candace,sapien.cursus.in@aol.net
161,Garrett,neque.vitae@hotmail.com
162,Caesar,diam.pellentesque.habitant@outlook.net
163,Jared,ipsum@hotmail.couk
164,Avye,euismod.ac.fermentum@aol.net
165,Moana,pede@icloud.ca
166,Pamela,semper@protonmail.ca
167,Alexa,etiam.gravida@hotmail.ca
168,Ryan,enim.etiam@hotmail.org
169,Steel,posuere.at@aol.net
170,Davis,auctor@google.com
171,Sheila,est.mauris@icloud.com
172,Ralph,ridiculus@outlook.edu
173,Daryl,gravida.nunc@icloud.couk
174,Lee,nullam.suscipit@yahoo.com
175,Kasimir,vel.lectus@aol.org
176,Allen,dictum@aol.ca
177,Hop,neque@yahoo.ca
178,Yasir,cursus@google.net
179,Charity,lectus.convallis@aol.net
180,Gareth,arcu.iaculis@yahoo.org
181,Xantha,primis@icloud.edu
182,Alma,mauris.a@icloud.com
183,Carol,eget.varius@protonmail.couk
184,Avram,dolor.vitae.dolor@icloud.edu
185,Yetta,blandit.viverra@yahoo.com
186,Sylvester,nunc.pulvinar@google.ca
187,Ila,dolor.sit@icloud.net
188,Genevieve,integer@icloud.net
189,Jamalia,non.sollicitudin@protonmail.org
190,Dylan,lectus@aol.org
191,Sonya,purus.ac@yahoo.ca
192,Michael,proin.velit.sed@protonmail.couk
193,Shaine,vel.faucibus@google.ca
194,Dalton,egestas.aliquam@protonmail.edu
195,Isaiah,tristique.pharetra@yahoo.org
196,Garrison,sociosqu.ad@icloud.net
197,Rhonda,risus.morbi@outlook.org
198,Kennedy,pede.malesuada@icloud.edu
199,Cruz,dignissim.magna@hotmail.org
200,Felicia,ut.sagittis@google.org
201,Kadeem,accumsan.convallis@yahoo.edu
202,Luke,cras@outlook.ca
203,Rana,ante.lectus@outlook.edu
204,Price,risus.quis@hotmail.edu
205,Jena,velit@google.com
206,Pandora,egestas@protonmail.ca
207,Chantale,mauris@yahoo.edu
208,George,nec.imperdiet@outlook.org
209,Chiquita,nulla.donec@google.couk
210,Jonas,vitae@google.net
211,Shay,class.aptent@hotmail.com
212,Xyla,volutpat.nulla.dignissim@aol.org
213,Dustin,duis.elementum@yahoo.edu
214,Dexter,lobortis.quis.pede@protonmail.couk
215,Orlando,pede.et@icloud.net
216,Jescie,ipsum.dolor.sit@aol.ca
217,Hanna,a.sollicitudin@protonmail.com
218,Finn,eu@hotmail.edu
219,Ciara,quis.diam@hotmail.edu
220,Barclay,enim@protonmail.edu
221,Whoopi,auctor.nunc@protonmail.couk
222,Urielle,risus.odio@aol.org
223,Hashim,tempor@hotmail.ca
224,Caryn,et@yahoo.ca
225,Bryar,nulla.vulputate.dui@google.net
226,Josiah,pharetra.nibh.aliquam@icloud.org
227,Dennis,fringilla.mi@google.net
228,Amelia,vehicula.pellentesque@hotmail.edu
229,Kellie,ultricies.sem@aol.org
230,Lysandra,torquent.per.conubia@google.org
231,Devin,porttitor@icloud.couk
232,Kennedy,mauris@icloud.ca
233,Emerson,felis.nulla.tempor@aol.ca
234,Tanner,mus.aenean.eget@protonmail.net
235,Quinlan,erat.vel@protonmail.org
236,Joshua,rutrum.magna@google.com
237,Levi,torquent@icloud.edu
238,Alexa,lorem.eget@icloud.ca
239,Ashton,fermentum.fermentum@hotmail.org
240,Regina,dolor.egestas@hotmail.couk
241,Athena,non.bibendum@protonmail.com
242,Callie,a.arcu@aol.couk
243,Dane,amet.lorem@google.com
244,Barrett,nascetur.ridiculus@yahoo.couk
245,Maite,cursus@protonmail.org
246,Hunter,mauris.blandit@aol.com
247,Reece,cursus.luctus@outlook.com
248,Jameson,dui@icloud.ca
249,Rylee,eget@outlook.ca
250,Indigo,diam.dictum@outlook.couk
251,Aidan,odio.nam@protonmail.com
252,Ifeoma,donec.felis.orci@protonmail.net
253,Kermit,laoreet.ipsum@aol.net
254,Louis,phasellus@icloud.com
255,Tana,ante.dictum@aol.edu
256,Scott,quam@outlook.com
257,Maya,neque@aol.org
258,Dora,enim.sit@aol.net
259,Duncan,mus.proin.vel@outlook.couk
260,Joelle,velit.dui@protonmail.ca
261,Preston,elit.pretium.et@google.ca
262,Mara,pharetra@protonmail.org
263,Gwendolyn,suscipit.est@icloud.couk
264,Jemima,scelerisque.mollis@protonmail.org
265,Quinlan,egestas@hotmail.net
266,Richard,auctor@google.ca
267,Idola,egestas.sed@hotmail.net
268,Orson,sem.magna@icloud.net
269,Lars,posuere@hotmail.org
270,Yoshio,enim@icloud.couk
271,Henry,ultrices.mauris.ipsum@aol.com
272,Luke,metus.in@outlook.couk
273,Rafael,fames.ac@protonmail.net
274,Xanthus,mauris.eu@protonmail.net
275,Aphrodite,a.enim@aol.net
276,Willa,lacinia.vitae.sodales@aol.net
277,Ulla,augue.eu.tellus@icloud.couk
278,Scott,auctor@aol.org
279,Walker,quisque@hotmail.org
280,Noble,eu.lacus@protonmail.ca
281,Walker,mauris.sagittis.placerat@icloud.org
282,Kiona,orci.ut.semper@protonmail.edu
283,Charde,pede.praesent.eu@icloud.net
284,Dustin,sed.eget@outlook.couk
285,Ryder,dapibus@protonmail.com
286,Keiko,erat.vitae@outlook.couk
287,Skyler,nonummy.fusce@hotmail.org
288,Sandra,phasellus.elit@icloud.ca
289,Abbot,a.purus@protonmail.couk
290,Charissa,nunc@yahoo.org
291,Sybill,massa@icloud.ca
292,Leo,urna.ut.tincidunt@protonmail.org
293,Octavia,proin.velit@hotmail.com
294,Alyssa,lobortis.quis@aol.com
295,Lucy,erat@yahoo.ca
296,Giacomo,massa@aol.net
297,Gail,sodales.mauris@protonmail.couk
298,Ivana,nulla.eget@aol.couk
299,Calista,tempor.augue@icloud.com
300,Cyrus,lectus@hotmail.edu
301,Hyacinth,et.eros.proin@outlook.couk
302,Frances,nulla.integer@icloud.edu
303,Paul,aliquam.erat@outlook.com
304,Lois,phasellus@google.net
305,Wylie,in.scelerisque@outlook.ca
306,Talon,arcu@aol.org
307,Jerome,rutrum@outlook.edu
308,Alan,natoque.penatibus@aol.couk
309,Garrison,eu.erat@outlook.couk
310,Josephine,molestie@yahoo.net
311,Donovan,gravida.molestie@icloud.edu
312,August,eleifend.nec.malesuada@icloud.edu
313,Keiko,velit@aol.org
314,Elton,lacus@icloud.com
315,Orli,morbi.tristique.senectus@icloud.org
316,Chandler,gravida@aol.net
317,Kay,felis.eget@icloud.ca
318,Brenna,egestas@protonmail.couk
319,Kylynn,nibh@hotmail.couk
320,Marny,lorem.sit.amet@hotmail.ca
321,Herrod,fusce.mi@icloud.org
322,Vladimir,quisque.purus.sapien@hotmail.org
323,Noah,fermentum@protonmail.edu
324,Rebecca,in.sodales@aol.couk
325,Tarik,molestie.dapibus@icloud.ca
326,Melyssa,lectus.quis@outlook.ca
327,Evelyn,hendrerit.id.ante@aol.com
328,Kylee,pellentesque.eget.dictum@google.edu
329,Nichole,magna.a@outlook.ca
330,Melinda,sem.ut@aol.org
331,Breanna,purus.maecenas@protonmail.net
332,Meghan,sed.dui@icloud.edu
333,Nigel,dui@outlook.org
334,Berk,fames.ac.turpis@icloud.couk
335,Zoe,tempus.eu@hotmail.com
336,Laurel,odio.tristique@aol.edu
337,Forrest,diam@google.couk
338,Xantha,velit@yahoo.couk
339,Plato,non.luctus@protonmail.com
340,Kareem,vivamus.nibh.dolor@icloud.net
341,Zoe,ultrices.posuere@google.org
342,Brynn,tincidunt.donec.vitae@google.com
343,Hyatt,est.mollis@aol.couk
344,Theodore,lorem.ipsum@icloud.net
345,Kessie,at.velit@icloud.ca
346,Richard,nisi.cum.sociis@protonmail.com
347,Bruno,metus@aol.ca
348,Jennifer,justo.proin@hotmail.edu
349,Maxwell,eu@google.org
350,Valentine,mauris.non@protonmail.ca
351,Maris,amet.consectetuer.adipiscing@google.ca
352,Rebekah,dictum@aol.couk
353,Gail,phasellus@hotmail.edu
354,Rhiannon,duis.risus.odio@aol.ca
355,Cecilia,lectus.quis@icloud.com
356,Penelope,diam@yahoo.org
357,Rudyard,fames@outlook.ca
358,Cain,mi.duis@google.com
359,Daryl,nam.ligula@icloud.org
360,Jaime,enim.curabitur@aol.org
361,Quynn,nisi.a.odio@hotmail.couk
362,Diana,eget.tincidunt@yahoo.net
363,Alma,cursus.non@yahoo.com
364,Teegan,purus.in@icloud.ca
365,Kenneth,tincidunt@google.net
366,Hayley,augue.ac.ipsum@google.com
367,Chadwick,mattis@hotmail.edu
368,Duncan,sit@yahoo.edu
369,Magee,malesuada@outlook.org
370,Haviva,aliquet.phasellus.fermentum@google.ca
371,Xanthus,ut.sagittis@google.net
372,Lillian,magnis.dis.parturient@protonmail.edu
373,Alden,nunc.risus.varius@hotmail.couk
374,Jennifer,sit.amet@aol.edu
375,Aaron,quisque.porttitor.eros@hotmail.couk
376,Aileen,sociis.natoque.penatibus@google.couk
377,Jamalia,duis.sit.amet@protonmail.net
378,Jonah,ac.mattis@google.org
379,Ross,scelerisque@icloud.edu
380,Cassady,vitae@google.couk
381,Stephanie,vel.vulputate.eu@hotmail.net
382,Jaden,nonummy@outlook.edu
383,Hunter,faucibus.lectus@google.couk
384,Brynne,enim.commodo.hendrerit@google.couk
385,Vielka,dui@google.org
386,Mallory,magna.sed@hotmail.couk
387,Briar,gravida.aliquam@outlook.com
388,Nina,eget@aol.couk
389,Ruth,sit.amet.luctus@yahoo.org
390,Harlan,pellentesque.tincidunt.tempus@outlook.com
391,Grant,eu.nibh.vulputate@aol.edu
392,Coby,dictum.cursus.nunc@icloud.org
393,Nadine,sed.dictum.eleifend@yahoo.couk
394,Nyssa,duis.mi@hotmail.net
395,Norman,ante.vivamus@protonmail.com
396,Quentin,nibh.phasellus.nulla@hotmail.org
397,Deacon,natoque.penatibus@google.org
398,Kirby,aptent.taciti@icloud.net
399,Victoria,non.cursus@google.com
400,Sylvia,nunc.in@aol.org
401,Jenna,amet.ante.vivamus@yahoo.org
402,Amos,dui.lectus@hotmail.com
403,Adam,nunc.sit@google.net
404,Steven,sem@protonmail.net
405,Kellie,elit@hotmail.net
406,Fletcher,sagittis@yahoo.couk
407,Ivory,rhoncus.nullam.velit@icloud.couk
408,Breanna,molestie@hotmail.net
409,Ivana,sem.magna.nec@icloud.org
410,Amelia,ac.mattis.semper@icloud.org
411,Shelly,at.auctor.ullamcorper@icloud.com
412,Ivy,lacinia@protonmail.edu
413,Graham,odio.nam@google.org
414,Lucian,ut.lacus@hotmail.org
415,Inga,lectus.pede.ultrices@aol.com
416,Jermaine,enim.nec.tempus@yahoo.net
417,Xandra,nisi@icloud.net
418,Ingrid,dictum@protonmail.couk
419,Orson,aliquam.adipiscing.lacus@icloud.com
420,Amethyst,dignissim@icloud.couk
421,Lavinia,fringilla.mi.lacinia@outlook.com
422,Perry,dolor.vitae@hotmail.ca
423,Courtney,sodales@google.ca
424,Remedios,euismod.ac@aol.couk
425,Jamal,consequat.lectus@icloud.org
426,Rooney,tempus.mauris@aol.couk
427,Helen,tincidunt.aliquam@protonmail.couk
428,Vance,aliquet.phasellus@icloud.edu
429,Kaitlin,mauris.aliquam@google.couk
430,Knox,lobortis.class.aptent@outlook.ca
431,Paula,mi.lacinia@icloud.org
432,Karly,tellus.faucibus@hotmail.org
433,Abraham,eget@outlook.couk
434,Price,interdum.curabitur@outlook.net
435,Penelope,risus@outlook.org
436,Nita,mollis.phasellus@google.org
437,Kaitlin,ligula.eu.enim@aol.edu
438,Abel,vivamus.nibh@protonmail.org
439,Colt,posuere.cubilia@icloud.couk
440,Carol,luctus.aliquet@protonmail.com
441,Lenore,magnis.dis@hotmail.net
442,Stacy,maecenas.iaculis@yahoo.net
443,Eve,arcu@yahoo.net
444,Merrill,libero@aol.ca
445,Margaret,nec.ante.blandit@google.edu
446,Ryder,imperdiet@yahoo.com
447,Macaulay,vel.convallis@aol.org
448,Abbot,semper.pretium.neque@aol.com
449,Rhona,mauris.sapien.cursus@google.couk
450,Whilemina,dui.suspendisse.ac@outlook.com
451,Yoko,donec.egestas@icloud.edu
452,Abbot,etiam@yahoo.couk
453,Nolan,sit@icloud.com
454,Wayne,sed@google.edu
455,Conan,elit.dictum.eu@outlook.couk
456,Sandra,purus.maecenas@aol.edu
457,Dacey,nisi.aenean.eget@icloud.ca
458,Wynne,curabitur.consequat@protonmail.com
459,Lacey,velit.egestas@yahoo.org
460,Madison,ac.feugiat@protonmail.net
461,Keegan,vivamus.nisi@yahoo.couk
462,Alexandra,cras.eget@aol.ca
463,Amanda,tellus.eu@outlook.ca
464,Adam,ante.lectus@hotmail.ca
465,Randall,pellentesque.a.facilisis@protonmail.com
466,Justin,urna.nunc@hotmail.com
467,Russell,libero.mauris@protonmail.net
468,Barbara,sociis@protonmail.com
469,Thomas,semper.pretium@protonmail.couk
470,Anne,ad@hotmail.net
471,Quentin,per.conubia@aol.edu
472,Cadman,vulputate.lacus.cras@yahoo.com
473,Tatum,sagittis.placerat.cras@google.edu
474,Arden,enim.mi@outlook.edu
475,Candace,auctor.velit@outlook.net
476,Jane,est@aol.net
477,Zahir,ante.ipsum@aol.couk
478,Delilah,aliquam.tincidunt@icloud.net
479,Dacey,ipsum.ac@yahoo.edu
480,Hayden,vestibulum.mauris.magna@hotmail.couk
481,Uriah,ut.mi@outlook.edu
482,Basia,nunc.est@protonmail.ca
483,Abel,fringilla@google.com
484,Naida,varius@protonmail.couk
485,Abraham,a.facilisis@yahoo.net
486,Renee,cursus.et@google.net
487,Jin,ultrices.iaculis@hotmail.edu
488,Gay,elit.dictum@outlook.net
489,Eugenia,hendrerit.consectetuer@hotmail.edu
490,Bree,in@google.net
491,Ebony,dignissim@icloud.edu
492,Herman,lobortis.quam.a@yahoo.edu
493,Lydia,turpis@protonmail.edu
494,Veda,orci.donec.nibh@hotmail.com
495,Quemby,enim.consequat@protonmail.edu
496,Cooper,velit@icloud.net
497,Amity,ut.molestie.in@hotmail.com
498,Savannah,ornare@icloud.com
499,Steel,est.mauris.rhoncus@yahoo.couk
500,Dane,augue@hotmail.net
