id,nombre,email
1,Tyler Christensen,quis@hotmail.org
2,Maite Aguilar,interdum.libero@hotmail.edu
3,Ann Maxwell,ornare.sagittis@icloud.couk
4,Bradley Benjamin,porttitor.interdum@aol.ca
5,Deirdre Vargas,et.risus@icloud.org
6,Valentine Wood,erat.nonummy@protonmail.net
7,Jescie Stark,nullam.lobortis@icloud.ca
8,Nita Sanders,dui.cras@protonmail.net
9,Kareem Carrillo,ut.molestie@outlook.couk
10,Leah Terry,nonummy@hotmail.org
11,Deacon Walsh,eget.volutpat@google.couk
12,Darius Frazier,euismod@aol.edu
13,Helen Harper,donec@aol.couk
14,Daniel O'brien,mauris.quis@icloud.ca
15,Yoshio Schneider,facilisis.lorem.tristique@outlook.couk
16,Uriel Prince,eget.metus.eu@icloud.edu
17,Cameron Chase,malesuada@hotmail.com
18,Otto Burch,feugiat.tellus@icloud.net
19,Isaiah Willis,nullam.lobortis.quam@icloud.ca
20,Yolanda Salazar,nisl.sem@icloud.couk
21,Dean Cameron,sagittis@google.net
22,Mechelle Blankenship,ipsum.curabitur@icloud.org
23,Irene Daugherty,nam@icloud.couk
24,Laurel Fischer,blandit.at.nisi@hotmail.com
25,Salvador Macdonald,interdum@google.edu
26,Winifred Maynard,tristique.senectus.et@aol.net
27,Velma Morin,suspendisse.ac@icloud.edu
28,Sigourney Hobbs,lectus.justo@aol.couk
29,Alexis Joyce,hendrerit.donec@hotmail.com
30,Colton Manning,at.lacus@yahoo.net
31,William Gardner,mus.donec@hotmail.org
32,Dora Wallace,aenean.euismod@hotmail.com
33,Cody Harrington,nullam.suscipit@hotmail.ca
34,Yuli Bailey,vestibulum.lorem@yahoo.ca
35,Olympia Espinoza,dis.parturient@google.edu
36,Demetrius Ruiz,elementum.dui@outlook.com
37,Amanda Fowler,eleifend.vitae.erat@yahoo.org
38,Janna Harding,eu@yahoo.ca
39,Bruno Alexander,dolor.sit.amet@hotmail.org
40,Allegra Hardy,mauris@icloud.net
41,Justin Butler,vel@yahoo.org
42,Vaughan Strong,magnis.dis@hotmail.edu
43,Cain Boone,vitae.aliquet@hotmail.couk
44,Shaeleigh Ballard,magna.duis@google.org
45,Alfreda Daniels,tortor@aol.com
46,Ronan Salazar,nulla@protonmail.edu
47,Baker Long,aliquam.eu@protonmail.ca
48,Malcolm Donovan,purus.nullam@yahoo.org
49,Fletcher Shelton,elit.fermentum@protonmail.ca
50,Channing Peters,integer.vulputate@outlook.net
51,Amanda Snow,integer.eu@outlook.org
52,Yael Castro,in@outlook.edu
53,Jada Williamson,dictum.sapien@outlook.couk
54,Sacha Campos,donec.egestas.aliquam@protonmail.ca
55,Kirby Baker,magna.lorem@yahoo.edu
56,Eugenia Frye,lectus.ante.dictum@hotmail.edu
57,Nomlanga Maldonado,vitae.diam@hotmail.ca
58,Regan Atkins,scelerisque.lorem@icloud.com
59,Chancellor Sellers,vel@google.couk
60,Harrison Tanner,orci.luctus.et@yahoo.edu
61,Nicholas Hall,tellus.aenean@yahoo.com
62,Sigourney Dotson,enim.non.nisi@outlook.couk
63,Mohammad Stevens,ut.odio@hotmail.org
64,Duncan Olsen,convallis.convallis.dolor@protonmail.com
65,Eliana Valentine,sed@outlook.couk
66,Jaime Pace,egestas.blandit@icloud.com
67,Bell Edwards,id@outlook.net
68,Signe Bowman,integer.vulputate.risus@icloud.com
69,Yolanda Mcintyre,nisl.sem.consequat@google.couk
70,Anne Wells,purus@aol.ca
71,Cole Johns,integer.eu.lacus@aol.edu
72,Ignacia Young,consequat@google.couk
73,Tanner Mclaughlin,donec.luctus@aol.ca
74,Perry Myers,dictum.augue.malesuada@protonmail.com
75,Guinevere Sanford,odio.a.purus@protonmail.com
76,Sylvia Morris,molestie@protonmail.edu
77,Darius Travis,etiam@icloud.ca
78,Quintessa Leonard,tellus@protonmail.com
79,Karina Garrett,sagittis.felis.donec@aol.ca
80,Noelle Barrett,eu.nulla.at@icloud.com
81,Andrew Carlson,ac.orci@icloud.com
82,Rachel Roach,luctus.ut.pellentesque@yahoo.edu
83,Marny Gonzalez,eros.proin@protonmail.ca
84,Myra Lynn,sed.sapien@aol.edu
85,Tarik Hinton,aliquam@icloud.couk
86,Dennis Duncan,auctor.velit@icloud.edu
87,Hector Russell,ac.mi@icloud.ca
88,Barclay Dean,volutpat.nunc@aol.org
89,Eaton Mann,vivamus.sit@aol.org
90,TaShya Crosby,sed@hotmail.net
91,Elizabeth Moses,arcu@aol.edu
92,Jocelyn Gill,integer.aliquam@aol.net
93,Jane Ashley,vel.faucibus.id@aol.edu
94,Arden Hernandez,aliquet.proin@outlook.net
95,Amelia Dunlap,consequat.lectus@aol.org
96,Maite Cortez,lacus@hotmail.edu
97,Justin Griffin,scelerisque.neque@aol.org
98,Ciaran Osborn,magna.nam@yahoo.org
99,Rowan Waller,vestibulum@protonmail.org
100,Orson Church,at.libero@hotmail.com
